ID,CREATE_TIME,CREATE_USER,CREATE_USERIP,DELETED,UPDATE_TIME,UPDATE_USER,UPDATE_USERIP,VERSION,ACTIVE,ACTUAL_START_DATE,AUTO_ID,BILL_START_DATE,BILLING_CODE,CONTRACT_DETAIL_STATUS,END_DATE,IS_PART_OF_BUNDLE,OPERATION_DATE,OPERATION_DESCRIPTION,OPERATION_TYPE,QUANTITY,START_DATE,STATUS_CHANGE_DATE,TSFA_PROPOSAL_ID,TSFA_SALES_ID,COMMITED_CONTRACT_DETAIL_ID,CONTRACT_ID,CONTRACT_DETAIL_COMMITMENT,CONTRACT_DETAIL_PRICE,CUSTOMER_ID,BILLING_ACCOUNT_ID,DELIVERY_ADDRESS_ID,OFFER_ID,OFFER_RELATION_ID,PARENT_CONTRACT_DETAIL_ID,TRANSITION_CONTRACT_DETAIL_ID,MIG_STATUS,MIG_DATE,CREATE_DEALER,SALES_DATE,SERVICE_BARRING,NOBLG,TURKCELL_MSISDN,EMPTOR_FLOW_STATUS,CROSS_SALE_DEFINITION_ID,CROSS_SALE_PRIMARY_ID,IS_DISCOUNT_APPLIED,LOCK_TYPE,TRANSITION_TYPE,DEALER_TYPE,DEALER_NAME,USER_DISPLAY_NAME,CHANNEL_ID,TAKEOVER_TRANSITION_CD_ID,ORGANIZATION_ID
853221FE-15CE-4E7C-A3A5-E2D97D28F213,2025-05-26 16:11:14.200,SCHEDULER,127.0.0.1,0,2025-06-02 18:48:06.694,TestUser,127.0.0.1,2,NULL,NULL,864919,NULL,NULL,ACT_END,NULL,YES,NULL,NULL,NEW,1,2025-05-26 16:11:14.000,2025-05-26 00:00:00.000,905416,933715,998439,9AF16BA6-13AC-4FCD-A3D2-1A2EB33EE8FE,NULL,D14C6F27-3F18-42AD-91EC-D5584E2D1032,B95D70D7-4412-4757-AE74-6D2A4CA5FCF9,A1B305E4-0D86-422F-AE41-1E3C50EE802E,23F147AF-0FD9-4EE2-9683-7FAD645116EE,222139D8-6E3D-4955-A606-1F1DA1853161,BD52454C-7139-42CE-938F-5DBF202B3F5F,468795,694623,NULL,NULL,00720.00083,2025-05-26 00:00:00.000,NO,NULL,NULL,NULL,322560,297522,NULL,CANCELLATION,NULL,ONLINE,TURKCELL KURUMSAL A.Ş-SANAL ŞUBE,NULL,439216,857669,873027
80472C52-3E83-48E1-90CA-11D18522B817,2025-05-26 16:11:15.119,SCHEDULER,127.0.0.1,0,2025-05-26 16:11:27.665,SYSTEM,127.0.0.1,7,NULL,2018-03-06 00:00:00.000,307333,2025-05-26 00:00:00.000,1584143985.0,ACT_END,NULL,YES,NULL,NULL,CHANGE,1,2025-05-26 16:11:15.000,2025-05-26 00:00:00.000,741091,739410,691268,BEF40D5D-F6FE-4484-AD4F-F9F3D48D0CE2,NULL,218E87C6-E3E5-41E2-BD16-0604A7538682,26DB35B7-C368-4F99-9F74-24415EF03545,F539FB8F-1DBB-4833-929D-AE4C948DEE5F,F984305A-295C-40B8-9648-7C5D3E0CDF3A,CED1ECE6-2838-4FD9-B42E-BDD259431BC9,2F5B7D6F-B74B-46A8-8DC5-B1D56D700198,762791,992532,NULL,NULL,00720.00083,2025-05-26 00:00:00.000,NO,NULL,NULL,NULL,705553,990484,NULL,NULL,NULL,ONLINE,TURKCELL KURUMSAL A.Ş-SANAL ŞUBE,NULL,657574,172698,929000
32156F7A-DFBF-4BE9-B6FF-A5F10A3885C2,2025-05-26 16:16:12.812,TURKCELL_APP,127.0.0.1,0,2025-05-26 16:16:18.526,SYSTEM,127.0.0.1,7,NULL,2024-06-12 00:00:00.000,342785,2025-05-26 00:00:00.000,1584143989.0,ACT_END,NULL,YES,NULL,NULL,CHANGE,1,2025-05-26 16:16:12.000,2025-05-26 00:00:00.000,392528,419678,113404,543062DD-3039-4BA4-BC0B-60A2DF989A7D,NULL,4E44DA53-6A84-4D96-869A-57C3D7614943,BFFCD80F-D072-4244-8984-075B808EDCC1,555BF381-DD37-4B8B-A577-A100A6699356,77E40D34-80EF-4283-9979-4EA495B0C842,AA1106EF-3A8B-4519-A0A0-E2A55633C811,97C21FA1-AA4A-4FC2-BF91-EB8C6F967455,593248,238645,NULL,NULL,00720.00083,2025-05-26 00:00:00.000,NO,NULL,NULL,NULL,815862,866639,NULL,CANCELLATION,NULL,ONLINE,TURKCELL KURUMSAL A.Ş-SANAL ŞUBE,NULL,975285,108611,379947
C730A646-233F-4DAE-B08D-C41CD6238EA9,2025-05-26 16:16:12.928,TURKCELL_APP,127.0.0.1,0,2025-06-02 18:25:11.984,TestUser,127.0.0.1,6,NULL,2025-05-02 00:00:00.000,990086,2025-05-26 00:00:00.000,1584143988.0,ACT_INPROGRESS,NULL,YES,NULL,NULL,CHANGE,1,2025-05-26 16:16:12.000,2025-05-26 00:00:00.000,941683,390930,906620,798E285E-439C-437C-ABC1-C07F5AD29D68,NULL,C5D7AB90-55DB-4AFB-BA20-47687881BA22,8D18BC80-5A2F-4FD8-810F-3841E98CBB03,A2DB1D54-576E-45EE-86F2-9301817B6EBE,BCB70E95-5AE1-47CD-9195-F03184CB014A,CC4E67F1-5641-41A7-A5C9-27C10C151D45,891A46A4-1314-4D57-A345-46D8C1F4F807,624279,354473,NULL,NULL,00720.00083,2025-05-26 00:00:00.000,NO,NULL,NULL,NULL,497898,503902,NULL,FREEZE,NULL,ONLINE,TURKCELL KURUMSAL A.Ş-SANAL ŞUBE,NULL,359292,266733,531471
F5190E44-6F04-4EBB-B507-389626E69980,2025-05-26 16:16:24.312,MAYA.FCMX,127.0.0.1,0,2025-05-26 16:16:30.994,MAYA.FCMX,127.0.0.1,3,NULL,NULL,504921,NULL,1584143991.0,ACT_INPROGRESS,NULL,NO,NULL,NULL,NULL,1,2025-05-26 16:16:24.000,2025-05-26 00:00:00.000,679107,303041,368153,04471198-2932-4352-9B9B-DFD87390009C,NULL,BBEA8270-61FB-42D6-B55E-4D7265BC2141,FFF2B0B6-C25A-416C-92C6-2C4A631AE692,80C97473-19C3-4165-AEF6-804B7BA307EF,51D657CA-0EB4-4206-B103-5294AE026A07,75F15C93-C1B7-495E-91AD-30F51C22C747,C5C243AE-D252-4777-ACCD-62C9272A95C8,104507,171666,NULL,NULL,TTB34.00012,2025-05-26 00:00:00.000,NO,NULL,NULL,NULL,372502,973430,NULL,FREEZE,NULL,GLOBAL,TURKCELL MERKEZ OFIS,maya.fcmx,442584,993070,803722
FC60E52E-8B78-4942-9481-D727357D03C9,2025-05-26 16:16:47.188,MAYA.FCMX,127.0.0.1,0,2025-05-26 16:16:47.579,MAYA.FCMX,127.0.0.1,2,NULL,NULL,549631,NULL,NULL,ACT_INPROGRESS,NULL,YES,NULL,NULL,NULL,1,2025-05-26 16:16:47.000,2025-05-26 00:00:00.000,918620,751262,361870,DF8156BC-3D81-4B7E-8D02-E50C008DF69B,NULL,4BE82846-2A62-4539-96E9-AE025E1E9733,1F43152C-CA34-4B85-B64A-EF47B8C57D4F,FFA2BA03-A8BC-426C-A0B1-66A6871ABE3A,0A861213-8F8E-491C-8568-7CCC500D64CD,E388B5D6-28E1-44E0-970D-478EF40EAB41,DAF83708-C8C1-47A6-8981-CAF1BF099477,364505,987590,NULL,NULL,TTB34.00012,2025-05-26 00:00:00.000,NO,NULL,NULL,NULL,605402,296770,NULL,NULL,NULL,GLOBAL,TURKCELL MERKEZ OFIS,maya.fcmx,783229,838291,948864
6FD42E1E-228D-48B6-904C-58B3695377F0,2025-05-26 16:19:11.639,SCHEDULER,127.0.0.1,0,2025-05-26 16:19:13.276,SYSTEM,127.0.0.1,4,NULL,2018-03-17 00:00:00.000,262351,2025-05-26 00:00:00.000,1584143993.0,ACT_INPROGRESS,NULL,NO,NULL,NULL,NULL,1,2025-05-26 16:19:11.000,2025-05-26 00:00:00.000,380983,662584,597318,5BCE7A5A-AF14-4E47-ABD8-A9AE7EDD36E9,NULL,33019DD5-42BA-4ACE-9CE7-9F354140AFB5,BEC0FFFB-98D8-413D-8740-FACE7E10FAF4,0E8B61FF-1017-49C7-9EA8-8559A0C438CD,AE7A8CDE-46B0-4E4C-AA96-65AB54BF3099,9D0222C4-B43D-4582-AAC8-12FE4272B49C,38CD789C-5A9B-4D39-8CB0-3C86B9076708,837497,729894,NULL,NULL,00720.00083,2025-05-26 00:00:00.000,NO,NULL,NULL,NULL,407553,579005,NULL,CANCELLATION,NULL,ONLINE,TURKCELL KURUMSAL A.Ş-SANAL ŞUBE,NULL,331831,324919,167848
92F42A09-96BF-44D0-9B25-083E3B15B597,2025-05-26 16:19:16.913,SCHEDULER,127.0.0.1,0,2025-05-26 16:19:17.119,SCHEDULER,127.0.0.1,2,NULL,NULL,621258,NULL,NULL,ACT_INPROGRESS,NULL,YES,NULL,NULL,NEW,1,2025-05-26 16:19:16.000,2025-05-26 00:00:00.000,653342,265904,246779,B40303BA-2BCD-4636-8019-83E8FA587FB7,NULL,3A743B9E-33C4-43B5-86F5-3506F05838C0,49D0CBF9-B2EF-424D-B13B-2B1D71167CF2,D89B811F-AA6A-4280-94F3-F9898625CF01,FEE00677-7AE5-4EC1-8C0E-5A347AB753BE,82B4CDE7-8542-4199-AE7F-F554DE3D6803,9331D85D-EE4F-465A-B251-15D29B15FCAA,763029,201852,NULL,NULL,00720.00083,2025-05-26 00:00:00.000,NO,NULL,NULL,NULL,250171,669664,NULL,NULL,NULL,ONLINE,TURKCELL KURUMSAL A.Ş-SANAL ŞUBE,NULL,860918,815516,232481
C5664620-A908-4AD6-8785-C61A64FC7206,2025-05-26 16:19:19.556,MAYA.FCMX,127.0.0.1,0,2025-05-26 16:19:19.758,MAYA.FCMX,127.0.0.1,2,NULL,NULL,173633,NULL,NULL,ACT_INPROGRESS,NULL,YES,NULL,NULL,NULL,1,2025-05-26 16:19:19.000,2025-05-26 00:00:00.000,382467,181932,661103,E80AE54F-B8EC-4139-81C0-56B92E31C868,NULL,9247939B-87C7-4CE8-988A-332EBE975835,82F9E2F2-B84C-44E6-A37B-4005C3B97C67,B6521DD0-97FB-45FE-8FD6-CAA62E4756A2,685B7793-D7E9-4A9B-A7BE-098DDA67F3AD,BCB43B6D-A0FC-4634-A467-565C418CA161,401815C7-2066-4668-B179-3EAA88E81AC6,905627,553785,NULL,NULL,TTB34.00012,2025-05-26 00:00:00.000,NO,NULL,NULL,NULL,161926,876025,NULL,NULL,NULL,GLOBAL,TURKCELL MERKEZ OFIS,maya.fcmx,964435,243242,452545
677DA563-7B06-4CB2-91B8-B4D44EA85277,2025-05-26 16:19:19.547,MAYA.FCMX,127.0.0.1,0,2025-05-26 16:19:19.820,MAYA.FCMX,127.0.0.1,2,NULL,NULL,418137,NULL,NULL,ACT_INPROGRESS,NULL,YES,NULL,NULL,NULL,1,2025-05-26 16:19:19.000,2025-05-26 00:00:00.000,375418,790613,881051,2D7C328E-533B-443C-BF47-696E23FC34AF,NULL,F5E3C71C-8C19-4CDC-B403-1570ED9EEC9A,8825C4AA-5EF0-4622-8A7D-DD91B3DD2C85,BB12AF8F-F284-49BF-A420-C5D7927E0DA0,C55F0AF6-6B62-4AA2-8AB3-8EDE35C2EDCA,6440DAA1-7079-4A73-90A7-87C885D92FEB,0F1AC23D-E3BD-4085-B3A7-C4C269C61499,186240,841132,NULL,NULL,TTB34.00012,2025-05-26 00:00:00.000,NO,NULL,NULL,NULL,732328,923423,NULL,NULL,NULL,GLOBAL,TURKCELL MERKEZ OFIS,maya.fcmx,186703,817217,951762
28BFFF9F-635D-4D07-AB55-4141E891EF05,2025-05-26 16:19:19.562,MAYA.FCMX,127.0.0.1,0,2025-05-26 16:19:25.100,MAYA.FCMX,127.0.0.1,3,NULL,NULL,815958,NULL,1584143995.0,ACT_INPROGRESS,NULL,YES,NULL,NULL,NULL,1,2025-05-26 16:19:19.000,2025-05-26 00:00:00.000,513964,966373,301199,9D1DB278-635B-4B86-BF5F-6DAA821CF68D,61A6F1E9-7E5A-48C8-BACA-ADC1516B6EE8,672C3846-BF98-4C3D-8D93-DF2CCBDB7517,9840E445-7FE6-471D-827B-36E1B387683B,87139ED4-3557-42A3-AD73-9D2689812770,967A3BAB-1CD9-4867-9156-3E9FEB608607,7146EB3E-CC2D-48B4-9E30-28B5A53DB38F,8EBE1014-3105-458A-87BF-78BECB92BD4C,902422,246426,NULL,NULL,TTB34.00012,2025-05-26 00:00:00.000,NO,NULL,NULL,NULL,834864,459142,NULL,NULL,NULL,GLOBAL,TURKCELL MERKEZ OFIS,maya.fcmx,466933,558678,956401
439697E9-0AF7-4024-8507-4F1197B0ADC0,2025-05-26 16:19:19.761,MAYA.FCMX,127.0.0.1,0,2025-05-26 16:19:19.953,MAYA.FCMX,127.0.0.1,2,NULL,NULL,851457,NULL,NULL,ACT_INPROGRESS,NULL,YES,NULL,NULL,NULL,1,2025-05-26 16:19:19.000,2025-05-26 00:00:00.000,335419,445848,211025,7B6B1E4A-74A7-40B0-A2DA-E56A4D7B443D,NULL,2CF48320-68F8-4ED6-BA61-1333B92EB6E4,17F304A8-EF1C-4F65-A02C-F01B5B45DE2E,40261101-D272-43DF-B015-A498EAEACCA7,99810E54-9AF9-4B00-92EA-4B9CCAB183FA,487A487B-5652-4EC2-80DD-B6958F435954,F1164971-DAB6-4DD6-A1CD-D1ABDF8FB3DE,373145,432272,NULL,NULL,TTB34.00012,2025-05-26 00:00:00.000,NO,NULL,NULL,NULL,857295,250101,NULL,NULL,NULL,GLOBAL,TURKCELL MERKEZ OFIS,maya.fcmx,755793,778423,757088
7D278723-9C34-4E65-AFA5-1020A66F4511,2025-05-26 16:11:12.748,SCHEDULER,127.0.0.1,0,2025-05-26 16:11:28.106,SYSTEM,127.0.0.1,7,NULL,2019-11-13 00:00:00.000,112789,2025-05-26 00:00:00.000,1584143984.0,ACT_END,NULL,YES,NULL,NULL,CHANGE,1,2025-05-26 16:11:12.000,2025-05-26 00:00:00.000,421272,823522,237833,24D2582D-4EA8-4154-8A11-DEEB54107DE0,NULL,CC1DB95A-D648-474B-AFC2-1FC6CF8C5C30,A9498D97-AD7F-49B6-A675-9D3E9863ED6A,7A1552B8-6CE9-49EE-9464-E951F8A585BE,517943CA-1CF9-425B-927B-81DA583CAD5A,D62FCAD1-6443-4A11-9851-10CC68268B5C,7F365871-D220-4DF6-879A-7D1153ED579B,425282,722947,NULL,NULL,00720.00083,2025-05-26 00:00:00.000,NO,NULL,NULL,NULL,429752,225890,NULL,NULL,NULL,ONLINE,TURKCELL KURUMSAL A.Ş-SANAL ŞUBE,NULL,203012,790197,748817
E7974295-8B60-4FDF-AEFB-0D2F91288E92,2025-05-26 16:11:13.137,SCHEDULER,127.0.0.1,0,2025-05-26 16:11:27.364,SYSTEM,127.0.0.1,7,NULL,2019-11-13 00:00:00.000,895500,2025-05-26 00:00:00.000,1584143986.0,ACT_END,NULL,YES,NULL,NULL,CHANGE,1,2025-05-26 16:11:13.000,2025-05-26 00:00:00.000,663355,396849,368735,2125CFC3-B464-45FC-8AA0-964EE6A2B153,NULL,79911A39-ABF1-49A6-B50B-B95618F1DCAB,4B780D60-7C61-4619-932F-D9D2D9BF4768,10991C83-996B-46DD-9F10-4B3E68FF4CDF,C9DA57CF-4CA2-4913-9774-75030A415B0E,8074B8AF-D861-4433-9845-000679D028C1,24B423D5-B03B-459D-B063-203C77AC5F9B,720077,939670,NULL,NULL,00720.00083,2025-05-26 00:00:00.000,NO,NULL,NULL,NULL,270300,672197,NULL,NULL,NULL,ONLINE,TURKCELL KURUMSAL A.Ş-SANAL ŞUBE,NULL,214039,825206,317838
4E5DB8E4-EF1A-4647-8543-703CED039EC7,2025-05-26 16:11:14.199,SCHEDULER,127.0.0.1,0,2025-05-26 16:11:14.763,SCHEDULER,127.0.0.1,2,NULL,NULL,374705,NULL,NULL,ACT_INPROGRESS,NULL,YES,NULL,NULL,NEW,1,2025-05-26 16:11:14.000,2025-05-26 00:00:00.000,621312,828263,208012,69E2051A-C18A-45E7-88BE-06AF4DA332FF,NULL,911DBFF7-561C-4CF4-B47C-E3AB6CF302E5,68250F3E-8A72-45D8-97DD-1B9276D60F6B,04B0E368-65EE-46C2-AB21-5334CB87B1DE,245C14A6-2D9A-4AA4-833A-93353E83AE11,E8B0A630-5069-49D9-B76E-C1AB3604691D,89FDA096-F497-4830-B9CB-E8F38EB94B68,475868,326968,NULL,NULL,00720.00083,2025-05-26 00:00:00.000,NO,NULL,NULL,NULL,817213,741342,NULL,NULL,NULL,ONLINE,TURKCELL KURUMSAL A.Ş-SANAL ŞUBE,NULL,632531,583366,991765
D1DD3160-045E-476B-AA00-B8F9AD7FF568,2025-05-26 16:11:18.337,SCHEDULER,127.0.0.1,0,2025-05-26 16:11:18.975,SYSTEM,127.0.0.1,3,NULL,2019-08-28 00:00:00.000,233829,NULL,NULL,ACT_INPROGRESS,NULL,YES,NULL,NULL,CHANGE,1,2025-05-26 16:11:18.000,2025-05-26 00:00:00.000,437356,186257,710974,6E796C95-17F7-4591-9D01-A7C6A3FE7915,8AC78BF7-1FA7-4694-AD6C-A70931EB034A,96CEAAF4-25FF-438F-AEC2-D67C8367B400,22E72A73-FDE7-46B1-9CF7-F49B456DBFA9,34269341-A9CD-4DFB-ACA5-5362CFBFE0EF,2A0ACB14-8666-4A45-A5F4-C93E132155C6,980A2AFD-4256-4393-B2F2-9476BBAADC4B,F6943C34-EBB4-457A-BD0E-D44321186087,593296,793949,NULL,NULL,00720.00083,2025-05-26 00:00:00.000,NO,NULL,NULL,NULL,934486,995342,NULL,NULL,NULL,ONLINE,TURKCELL KURUMSAL A.Ş-SANAL ŞUBE,NULL,111770,535800,873536
5B76324D-DE1A-4799-803C-946556A4EFF7,2025-05-26 16:16:12.954,TURKCELL_APP,127.0.0.1,0,2025-05-26 16:16:13.285,TURKCELL_APP,127.0.0.1,2,NULL,NULL,999122,NULL,NULL,ACT_INPROGRESS,NULL,YES,NULL,NULL,NEW,1,2025-05-26 16:16:12.000,2025-05-26 00:00:00.000,785748,727906,724402,ABF2C39A-DD56-44FD-8167-751D88E9E067,NULL,7087B027-EDFD-483F-80B0-FB92FDD430F8,E694BE3E-E1D1-4976-9B9F-7E2ED000BD79,9B574472-9B53-4EC7-98E6-D3C2AA63F984,5569FD5F-4DF4-4E14-88E4-445D04D8CDDE,099BF56E-C509-43E3-B609-1DBD1081038A,30F652CD-3C0D-4955-84EA-732E97704E1C,226279,663916,NULL,NULL,00720.00083,2025-05-26 00:00:00.000,NO,NULL,NULL,NULL,432339,862859,NULL,NULL,NULL,ONLINE,TURKCELL KURUMSAL A.Ş-SANAL ŞUBE,NULL,154635,544440,365207
18FEDBB0-0F15-4B79-8D5D-83B252728B5C,2025-05-26 16:16:12.968,TURKCELL_APP,127.0.0.1,0,2025-05-26 16:16:13.352,TURKCELL_APP,127.0.0.1,2,NULL,NULL,982187,NULL,NULL,ACT_INPROGRESS,NULL,YES,NULL,NULL,NEW,1,2025-05-26 16:16:12.000,2025-05-26 00:00:00.000,259331,844906,763442,8328B099-C99A-4BF0-AE3E-A93836A9EFFE,NULL,40AA2FD7-013C-45F3-93F1-93B5F9958AF8,FD185B02-7210-49F8-AEDC-A1C1B5DB587D,6DEFD983-44F6-40D2-9150-FBAC302C4D84,0902AF86-08DC-43C3-9C38-0E80319D38D7,75128170-8462-4AAF-BACD-A315FA1A5B1A,42CCFA50-8A7F-4ED3-ADB0-916AFDA24B24,220659,467142,NULL,NULL,00720.00083,2025-05-26 00:00:00.000,NO,NULL,NULL,NULL,471139,895494,NULL,NULL,NULL,ONLINE,TURKCELL KURUMSAL A.Ş-SANAL ŞUBE,NULL,313193,211608,909257
0F1BDABB-3DCA-4647-9ED3-E995F9FDC06E,2025-05-26 16:16:12.964,TURKCELL_APP,127.0.0.1,0,2025-05-26 16:16:19.639,SYSTEM,127.0.0.1,7,NULL,2024-06-12 00:00:00.000,472268,2025-05-26 00:00:00.000,1584143990.0,ACT_END,NULL,YES,NULL,NULL,CHANGE,1,2025-05-26 16:16:12.000,2025-05-26 00:00:00.000,431392,892710,360405,5BA92D44-96F7-4592-B524-708B7FF3A21B,NULL,1D62B79F-72B1-4F91-9D70-4A59BA22D477,AC25A09F-2E32-42D2-96BA-92D7DA76A513,A07AB36F-67A2-44BA-BE43-064A68A97C03,59E68CB2-A408-41BF-A2BD-336976333CDC,2B76BA1E-2555-4335-BBBE-8EE4AB285D4A,829FD1EC-DE90-41E7-896C-CF1554BC5455,756152,655795,NULL,NULL,00720.00083,2025-05-26 00:00:00.000,NO,NULL,NULL,NULL,549224,958497,NULL,NULL,NULL,ONLINE,TURKCELL KURUMSAL A.Ş-SANAL ŞUBE,NULL,555517,448346,964090
8C69C4C4-4BE7-4BD6-A4FA-BE94DFEE65AC,2025-05-26 16:16:13.596,TURKCELL_APP,127.0.0.1,0,2025-05-26 16:16:14.139,SYSTEM,127.0.0.1,3,NULL,2024-06-12 00:00:00.000,245286,NULL,NULL,ACT_INPROGRESS,NULL,YES,NULL,NULL,CHANGE,1,2025-05-26 16:16:13.000,2025-05-26 00:00:00.000,288659,414948,773795,2BC60A7D-06FE-41BE-BC98-8F00978CA380,CF9A56C0-9029-41D4-8F88-FD3C17143E17,FE3D012C-AA00-4879-B257-15E9873BB5A5,94DF6C15-F8E1-4507-BD78-DCF52CCC8FBA,62C6BDD4-2D3A-47F8-A990-912BA8D44D6D,7ED1A083-DA15-4C5E-85BC-E3B0AF5919CA,51855BC4-7307-4E98-969E-8C787465F128,573AE38E-BF09-411E-B139-02C83ADF451C,153937,386129,NULL,NULL,00720.00083,2025-05-26 00:00:00.000,NO,NULL,NULL,NULL,306340,857325,NULL,NULL,NULL,ONLINE,TURKCELL KURUMSAL A.Ş-SANAL ŞUBE,NULL,689585,114315,210732
62A79C7A-2875-4678-95A0-9A4EB3F7B0B6,2025-05-26 16:16:47.162,MAYA.FCMX,127.0.0.1,0,2025-05-26 16:16:49.027,MAYA.FCMX,127.0.0.1,3,NULL,NULL,286444,NULL,3709720403.0,ACT_INPROGRESS,NULL,YES,NULL,NULL,NULL,1,2025-05-26 16:16:47.000,2025-05-26 00:00:00.000,710482,425847,963726,066ECD9E-EA0B-4A69-9D35-7A0AF233E39D,NULL,D2DBB5FE-9843-4558-AF49-3CBC213330A2,C53F41B2-6D67-4DAA-83F8-AB93EEA1646B,4D8C515B-4779-47E1-B8AA-B7EABABD69CA,C13784F9-E843-44DA-8117-92F066F8DEDD,8D55572A-620B-4711-A957-7BD17D68CF8D,A7165823-967B-4644-89C7-A29EF86DC665,397846,705605,NULL,NULL,TTB34.00012,2025-05-26 00:00:00.000,NO,NULL,NULL,NULL,561146,977422,NULL,NULL,NULL,GLOBAL,TURKCELL MERKEZ OFIS,maya.fcmx,471961,214061,258455
A1B8F3C0-0E40-48F8-B538-0C322BC82B06,2025-05-26 16:16:47.264,MAYA.FCMX,127.0.0.1,0,2025-05-26 16:16:47.514,MAYA.FCMX,127.0.0.1,2,NULL,NULL,934776,NULL,NULL,ACT_INPROGRESS,NULL,YES,NULL,NULL,NULL,1,2025-05-26 16:16:47.000,2025-05-26 00:00:00.000,519285,503732,907858,2ED7DD8D-4E24-41A4-8481-8CE024C2C8A2,NULL,0B846A4E-CDFC-4F66-B9C2-9EA90C67BE2C,B78BC594-768C-4068-BE7C-F0B99EE589A3,B21806CD-0216-464A-BABB-804FAB80F25A,70EE4DF2-F303-4C8A-A572-53B580C0BF11,8FBD5CE0-1F23-4709-BE39-A52B30101A9C,193FA277-0ED0-4743-82A1-2AE7772A424A,229875,110072,NULL,NULL,TTB34.00012,2025-05-26 00:00:00.000,NO,NULL,NULL,NULL,135760,710728,NULL,NULL,NULL,GLOBAL,TURKCELL MERKEZ OFIS,maya.fcmx,122815,671441,816923
573E40F7-060A-4DEF-A0A3-6E17A4B75E96,2025-05-26 16:16:47.142,MAYA.FCMX,127.0.0.1,0,2025-05-26 16:16:47.520,MAYA.FCMX,127.0.0.1,2,NULL,NULL,425205,NULL,NULL,ACT_INPROGRESS,NULL,YES,NULL,NULL,NULL,1,2025-05-26 16:16:47.000,2025-05-26 00:00:00.000,859321,506173,374031,39757803-09E0-428D-B748-9E458E534A9D,NULL,023A1FED-7338-4901-94C6-3C38B71392C8,AD7B33F2-FAD5-4069-8A9F-75E276E2B421,19525EC7-39B9-4C52-9BC1-7F12F66A97BB,F617592C-3D99-4708-9CF4-B7579B844FA6,B5FAB687-83E8-4114-89E4-38F473CC571E,779716B7-1FFD-4670-9F13-B40C8A37B4EB,561159,346540,NULL,NULL,TTB34.00012,2025-05-26 00:00:00.000,NO,NULL,NULL,NULL,358868,235260,NULL,NULL,NULL,GLOBAL,TURKCELL MERKEZ OFIS,maya.fcmx,723115,283263,823682
6C1F4821-2664-4304-A8F3-CDC2E5864969,2025-05-26 16:10:28.406,SCHEDULER,127.0.0.1,0,2025-05-26 16:10:42.969,SYSTEM,127.0.0.1,4,NULL,2020-09-14 00:00:00.000,272294,2025-05-26 00:00:00.000,1584143981.0,ACT_INPROGRESS,NULL,NO,NULL,NULL,NULL,1,2025-05-26 16:10:28.000,2025-05-26 00:00:00.000,743081,956119,888697,22FD3D87-5A6E-4559-9864-150252175CBB,NULL,EAD1BC36-BFAC-4FF3-A68E-38999366C399,94304288-3FBF-41B3-8752-1CCAE82B936C,10C5231D-4D40-4613-BE18-F7ACCFCF4707,C097A04D-FF9B-4ED1-AF91-109276CD1AB8,47342F19-FBA7-45B6-AB50-ED2E5E3CC84E,0F6F4FCC-CCDA-435D-B9CB-51C434719A3C,380834,345172,NULL,NULL,00720.00083,2025-05-26 00:00:00.000,NO,NULL,NULL,NULL,779826,385529,NULL,NULL,NULL,ONLINE,TURKCELL KURUMSAL A.Ş-SANAL ŞUBE,NULL,531552,580026,962935
C19FBE63-533E-4152-A04F-775728BB15B9,2025-05-26 16:11:13.105,SCHEDULER,127.0.0.1,0,2025-05-26 16:11:25.961,SYSTEM,127.0.0.1,6,NULL,2025-05-03 00:00:00.000,334163,2025-05-26 00:00:00.000,1584143983.0,ACT_END,NULL,YES,NULL,NULL,CHANGE,1,2025-05-26 16:11:13.000,2025-05-26 00:00:00.000,395621,402960,286868,4BAB55D3-E57E-4297-B418-85ABA8256950,NULL,D13BB94A-CCF9-4DD8-8280-65929E415C67,3F43F764-610E-4E39-A90C-36875A443CAD,BBD00659-317D-4E8F-BA5C-F04FD237547F,C5559304-3F51-4B1F-84C4-E683EA346232,6BEF9D4F-81B8-4A44-8EAE-7F3581E9175A,BC7CE4C4-AECB-4EC7-8BF2-48AAE11A57A0,244859,998778,NULL,NULL,00720.00083,2025-05-26 00:00:00.000,NO,NULL,NULL,NULL,391182,548656,NULL,NULL,NULL,ONLINE,TURKCELL KURUMSAL A.Ş-SANAL ŞUBE,NULL,290770,793729,784183
2319489F-2E07-41C5-8C99-36DDABD46C33,2025-05-26 16:11:12.576,SCHEDULER,127.0.0.1,0,2025-05-26 16:11:25.823,SYSTEM,127.0.0.1,7,NULL,2014-03-01 00:00:00.000,372235,2025-05-26 00:00:00.000,1584143982.0,ACT_END,NULL,YES,NULL,NULL,CHANGE,1,2025-05-26 16:11:12.000,2025-05-26 00:00:00.000,908548,217026,732535,D197DCCF-AE63-475D-8CBF-B7DD66943B10,F00A4145-024D-4769-9AF4-E0A880A99FE2,0E178AE4-DDC1-42A2-9309-DC5C508ADB46,E3CB9750-70EE-4ED2-8A35-814BD7370BEB,69278185-59FD-4F4D-90E1-4CCEECA44CD9,33172122-EA13-46FE-9076-F544C65FCAF5,348FF7EF-432B-4122-B3DC-2CB07603BF09,231EC01D-A22D-4D85-8A4C-585CE00DC325,198073,499223,NULL,NULL,00720.00083,2025-05-26 00:00:00.000,NO,NULL,NULL,NULL,687447,446926,NULL,NULL,NULL,ONLINE,TURKCELL KURUMSAL A.Ş-SANAL ŞUBE,NULL,675432,101257,344250
F978767D-C16B-4CEE-8BBE-FCF12DB0ECA3,2025-05-26 16:15:54.704,TURKCELL_APP,127.0.0.1,0,2025-05-26 16:15:57.078,SYSTEM,127.0.0.1,4,NULL,2024-06-12 00:00:00.000,416150,2025-05-26 00:00:00.000,1584143987.0,ACT_INPROGRESS,NULL,NO,NULL,NULL,NULL,1,2025-05-26 16:15:54.000,2025-05-26 00:00:00.000,118564,463270,171568,D602C536-694E-4027-8085-4E7C7F2DB18A,NULL,36019FE5-5B99-4A19-ACC7-D8DD1BF6AF1D,682EDA4F-11D5-435C-916E-006F7502EEF7,6EA8975D-6DA2-4572-85C7-F5442D6C2E1C,41347421-78AB-4AD7-B717-2BD555503B6A,6CF31DCC-7464-4543-8308-674BC7746C61,21CAE29E-85A2-4C39-AD57-B31A4004AEBA,734645,484160,NULL,NULL,00720.00083,2025-05-26 00:00:00.000,NO,NULL,NULL,NULL,315399,916358,NULL,NULL,NULL,ONLINE,TURKCELL KURUMSAL A.Ş-SANAL ŞUBE,NULL,978926,298608,762020
EA202623-B418-4350-884A-E47CB717B318,2025-05-26 16:16:47.158,MAYA.FCMX,127.0.0.1,0,2025-05-26 16:16:47.521,MAYA.FCMX,127.0.0.1,2,NULL,NULL,295177,NULL,NULL,ACT_INPROGRESS,NULL,YES,NULL,NULL,NULL,1,2025-05-26 16:16:47.000,2025-05-26 00:00:00.000,785823,533823,688665,0BB948E2-73CF-4E74-8DCB-9A0E9CA48108,NULL,4DD8C2D7-1193-4848-A575-CD3DC3407B75,A5AFBE7E-0B78-47F4-890A-57706DEA3AFA,27530A35-1284-4730-9937-C911B1258680,2F08D002-6822-4F3C-98F6-78D19EEC2C87,AA8BCDCF-ABDA-4E0A-B10C-2EB598848E64,E9AC23B5-B49B-4EE3-A2BA-B8B022B5493D,418560,675906,NULL,NULL,TTB34.00012,2025-05-26 00:00:00.000,NO,NULL,NULL,NULL,611136,949225,NULL,NULL,NULL,GLOBAL,TURKCELL MERKEZ OFIS,maya.fcmx,492560,868589,463556
D0CAE71D-F412-47E9-A133-AA6F4DE80A69,2025-05-26 16:16:47.579,MAYA.FCMX,127.0.0.1,0,2025-05-26 16:16:48.030,MAYA.FCMX,127.0.0.1,2,NULL,NULL,957117,NULL,NULL,ACT_INPROGRESS,NULL,YES,NULL,NULL,NULL,1,2025-05-26 16:16:47.000,2025-05-26 00:00:00.000,608401,206789,314278,AF681B75-AD85-4E59-9799-247C37C77B8A,NULL,BC77F510-DF8A-4520-ADE6-A302612F2BD5,F26F561F-4126-4F19-826C-78877D0729B5,EDE2D622-674F-48F0-84AB-5F8412054F7C,C344FE44-D97F-4F4C-8A86-4FA085F3DAA6,983C4F8D-D70B-424B-9B48-50977B8BECEF,EEB0B15C-B85C-4FC4-BD7C-8E7B6E910878,291793,885313,NULL,NULL,TTB34.00012,2025-05-26 00:00:00.000,NO,NULL,NULL,NULL,105676,188319,NULL,NULL,NULL,GLOBAL,TURKCELL MERKEZ OFIS,maya.fcmx,833143,284283,584365
01A1A6DD-E32B-4810-9866-F3626ADB29A1,2025-05-26 16:16:47.571,MAYA.FCMX,127.0.0.1,0,2025-05-26 16:16:59.824,MAYA.FCMX,127.0.0.1,3,NULL,NULL,954907,NULL,1584143992.0,ACT_INPROGRESS,NULL,YES,NULL,NULL,NULL,1,2025-05-26 16:16:47.000,2025-05-26 00:00:00.000,909686,725604,213531,A9B8BF5A-72E0-422D-B3B4-688274F5AEBB,A1BCB77D-3CAB-4A36-86B0-61790F44B0C7,6B0341EA-94E0-434A-A8F5-8AEF03468F8A,9BADF9DB-A9C4-422C-AB72-23008EAB98DC,5599BD1D-5C66-4F22-9421-A00C0BB079DA,80432E60-3552-46F0-8789-2DF2611E9855,58FBCD01-2C3A-45AC-B395-403543DF08A4,E36A99DD-8BAD-426B-A8E4-7BFC9BE27CC5,948486,517408,NULL,NULL,TTB34.00012,2025-05-26 00:00:00.000,NO,NULL,NULL,NULL,275260,739498,NULL,NULL,NULL,GLOBAL,TURKCELL MERKEZ OFIS,maya.fcmx,988910,406335,605447
2D2FE71F-924E-4712-93AB-03CEDE86C3E2,2025-05-26 16:19:16.050,MAYA.FCMX,127.0.0.1,0,2025-05-26 16:19:16.868,MAYA.FCMX,127.0.0.1,3,NULL,NULL,989218,NULL,1584143994.0,ACT_INPROGRESS,NULL,NO,NULL,NULL,NULL,1,2025-05-26 16:19:16.000,2025-05-26 00:00:00.000,540844,672151,382738,BB5360F7-3B0E-43CA-9546-9B1F30FF47F7,NULL,B75B777A-585A-4AA7-ACCA-F304B18BA052,99710B62-3111-482A-B610-D076167D1421,C9E36D1F-BA05-407B-9A51-E659367A90FB,C5CDBD0D-6943-4F3E-9B09-7825C7E61825,6E303E68-9EC8-4B66-A49A-982EAC16F6FC,E97C1198-54AA-403E-A1A3-FC48F7A24F02,672306,938730,NULL,NULL,TTB34.00012,2025-05-26 00:00:00.000,NO,NULL,NULL,NULL,340948,211662,NULL,NULL,NULL,GLOBAL,TURKCELL MERKEZ OFIS,maya.fcmx,956294,262255,950446
7A335626-339B-4A96-904F-EEAF91EBB487,2025-05-26 16:19:17.814,SCHEDULER,127.0.0.1,0,2025-05-26 16:19:18.526,SCHEDULER,127.0.0.1,2,NULL,NULL,889434,NULL,NULL,ACT_INPROGRESS,NULL,YES,NULL,NULL,NEW,1,2025-05-26 16:19:17.000,2025-05-26 00:00:00.000,673431,708691,271788,6B1A3164-FCD3-499B-AF93-EBA8DC70D207,NULL,F8429662-AB2D-4084-904D-C9BB80C4C49A,B28E1076-7EFB-4546-9E20-625A8630863E,CBD95B50-5E9D-425C-9829-6E83C372C5D5,FAB42FD4-1240-4E29-8669-6ACAF84AEA78,F2575843-0BD6-4AD9-A075-A0528440B28D,114DE14D-0DDB-4C6E-9D5D-B0369F12F2F9,536653,134091,NULL,NULL,00720.00083,2025-05-26 00:00:00.000,NO,NULL,NULL,NULL,656633,248076,NULL,NULL,NULL,ONLINE,TURKCELL KURUMSAL A.Ş-SANAL ŞUBE,NULL,433274,795944,658755
F0B8A117-FD48-4EB9-B469-AA192AB39371,2025-05-26 16:19:18.842,SCHEDULER,127.0.0.1,0,2025-05-26 16:19:19.433,SYSTEM,127.0.0.1,4,NULL,2018-03-16 00:00:00.000,914609,NULL,NULL,ACT_END,NULL,YES,NULL,NULL,CHANGE,1,2025-05-26 16:19:18.000,2025-05-26 00:00:00.000,957964,367472,779334,01745562-8FCF-414C-990C-FC5D27AFDFF4,B034263B-B1BC-4116-A060-6AFE6EA9E6BE,8375E43A-296B-424A-9F7F-0BA2439E8A57,E08B62A1-8DF7-4BB5-BA7E-EA68FF02781D,2576C4F9-4EB7-42CB-8937-05B334449BA3,8B6EF615-DFBD-47DE-AC0C-6327266813FC,BCA13E23-B5DD-4272-AF2C-F5383A35C8B2,14EBD974-C5F2-4B02-A867-143979AEF549,692715,493263,NULL,NULL,00720.00083,2025-05-26 00:00:00.000,NO,NULL,NULL,NULL,113449,707107,NULL,NULL,NULL,ONLINE,TURKCELL KURUMSAL A.Ş-SANAL ŞUBE,NULL,980496,174761,338248
E5179823-BC09-40A1-B326-63B4AB1898B4,2025-05-26 16:19:19.417,MAYA.FCMX,127.0.0.1,0,2025-05-26 16:19:19.600,MAYA.FCMX,127.0.0.1,4,NULL,NULL,535116,NULL,NULL,ACT_END,NULL,YES,NULL,NULL,NULL,1,2025-05-26 16:19:19.000,2025-05-26 00:00:00.000,351076,870319,920613,7A39CBC0-1725-4AF8-AFED-C9E225049674,NULL,BD5F691D-D1BF-4B66-A93F-4F3F685D2CD1,3AD44D5F-340A-47ED-BAEA-141964107A1D,E19D3C6E-D06B-4357-A49E-7B45913C4630,1FCF0BE4-DF93-44C5-AC84-E1515C89B2CF,B23E9896-E0E8-43B2-B87D-A13247B92DE5,637329D7-25AC-44C1-9C36-CE256956777A,282192,935434,NULL,NULL,TTB34.00012,2025-05-26 00:00:00.000,NO,NULL,NULL,NULL,805670,704481,NULL,NULL,NULL,GLOBAL,TURKCELL MERKEZ OFIS,maya.fcmx,279412,446129,828874
F7EB26A7-809D-470F-B5FB-8A674CA8999E,2025-05-26 16:19:19.506,MAYA.FCMX,127.0.0.1,0,2025-05-26 16:19:20.728,MAYA.FCMX,127.0.0.1,4,NULL,NULL,320274,NULL,3709720404.0,ACT_END,NULL,YES,NULL,NULL,NULL,1,2025-05-26 16:19:19.000,2025-05-26 00:00:00.000,509332,234073,526811,F54871A1-AB78-46B9-9523-96DAD022D525,NULL,8DB40E3B-02BB-4C28-89C5-BB44A59A3145,1AB98321-9F1F-49B2-AA24-110A29A6BD8A,887CE7F2-8A69-476E-81C6-24D8B613D050,15668642-7194-4A66-972A-4E961681B370,B59E85D6-F0A7-4A03-B9E1-E22CEBCD51B6,603FB6C7-934E-4B7E-8EAB-27D1D6F70CD0,852901,207786,NULL,NULL,TTB34.00012,2025-05-26 00:00:00.000,NO,NULL,NULL,NULL,799873,134175,NULL,NULL,NULL,GLOBAL,TURKCELL MERKEZ OFIS,maya.fcmx,308167,977349,880750
A6FA55D5-552B-4A49-9C63-9A1B978C96D3,2021-08-28 15:41:33.162,EXT03367172,030.1.4.2,0,2023-05-31 15:38:53.771,EXT03367172,030.1.4.2,43,NULL,2021-08-28 15:47:20.000,222844,2021-08-28 00:00:00.000,1522877821.0,DEACT_END,2023-05-31 12:07:25.000,YES,NULL,NULL,NEW,1,2021-08-28 15:41:33.000,2023-05-31 00:00:00.000,571568,459236,499959,DD63F312-6F50-479C-A55B-9DF5FE43509D,NULL,94FB2178-F6A6-487B-B677-1FC172035982,C852A144-4CB8-4527-9066-F628AE816071,0DED056C-965B-4499-A100-B12D94C3132E,DBF53BFC-73E6-40CD-8BBC-F92C9B1D109F,D4BA5BC4-5B5A-4690-946D-7035F0396F07,4076D2EE-CE18-4E7F-A6A2-D9C27D68124C,976040,425638,NULL,NULL,66062.00001,2021-08-28 00:00:00.000,NO,NULL,NULL,NULL,907329,419965,NULL,NULL,NULL,FCM,CELLNET,AYSE ARSLAN,988592,761481,640079
08ECE601-E137-4EA2-9532-EA4B8EDE1828,2021-08-28 15:30:46.934,EXT03335876,030.1.4.2,0,2021-09-13 14:24:29.801,EXT03335876,030.1.4.2,5,NULL,NULL,145695,NULL,1523582024.0,DEACT_END,2021-09-13 14:24:29.000,YES,NULL,NULL,NULL,1,2021-08-28 15:30:46.000,2021-09-13 00:00:00.000,735633,500361,885650,82736904-6A76-4EAF-918C-29C80D9008D5,NULL,195729DC-B6BB-4DF2-98A8-52F9FDE7BDF4,9A186D4D-43D5-4652-8564-19BCFF25DA91,C1EEFE57-2734-4286-936B-9AED0E5FA575,24CFC066-50C1-4BDD-80CD-534A28B203F1,778A2DF9-489B-4DA8-8192-445625882BBE,17D49835-311A-487B-991F-BF3B9B4D09D7,319819,230502,NULL,NULL,66032.00002,2021-08-28 00:00:00.000,NO,NULL,NULL,NULL,162466,139117,NULL,NULL,NULL,DCM,SZD,BETUL ERINMEZ,825862,297487,685488
81FFC205-6A24-4150-8265-DA4D702FAB62,2021-08-29 18:19:59.351,EXT03356234,030.1.4.2,0,2022-05-25 12:10:49.764,EXT03356234,030.1.4.2,8,NULL,2021-08-31 01:00:00.000,422889,2021-08-31 01:00:00.000,1522978849.0,DEACT_END,2022-05-25 12:10:49.000,YES,NULL,NULL,NULL,1,2021-08-29 18:19:59.000,2022-05-25 00:00:00.000,987155,144533,169668,C4409C2A-584B-4AF2-A603-BA29C25C3A58,NULL,406C26AB-7A30-4EEF-B169-25E5255F147A,63EE24FD-FCC5-4424-9E95-025CA269D3F5,BF5BBB42-2E51-43FA-8D84-0090F4D7FBEB,DCD66EC6-5168-46D1-B81E-C4E70EBF7BF7,7E3935CA-2907-4D16-9E37-DCA405FFFF5B,268B30B2-C78D-4270-9637-C336B1AD00F1,793281,290816,NULL,NULL,67005.00001,2021-08-29 00:00:00.000,NO,NULL,NULL,NULL,401231,814132,NULL,NULL,NULL,OSM,TELEKOMONE,CEMRESU OZCAN,631040,813113,875488
9BD7DEB8-3CAE-493E-8A91-FFD32661B018,2021-08-28 16:15:43.441,EXT03356915,030.1.4.2,0,2023-11-23 17:12:34.623,EXT03356915,030.1.4.2,38,NULL,2021-08-28 01:00:00.000,780478,2021-08-28 01:00:00.000,3176039672.0,DEACT_END,2023-11-23 17:12:34.000,YES,NULL,NULL,NEW,1,2021-08-28 16:15:43.000,2023-11-23 00:00:00.000,163577,520257,516339,46ABA7E7-6D0C-4300-99BA-A9E6AA8DF19C,NULL,5561CE4E-3EAF-4922-B738-84BC45A72D01,6B33650B-F554-4615-B05C-7D8B36D8BC20,4FE73AE0-D067-471B-A1D0-C5AA6EB61923,E88E7245-FD8E-490C-B683-0AED3CD6EB8B,13DA1098-5F9F-4B44-BDC7-770105BE15E0,A63FE217-49A0-4890-8D65-B76E2D3EA96B,687481,895144,NULL,NULL,66041.00001,2021-08-28 00:00:00.000,NO,NULL,NULL,NULL,187797,741658,NULL,NULL,NULL,FCM,HOME TECHNOLOGY,BAHAR ALKAN,649299,796887,295101
13D303CA-14DD-465F-BBB8-4C4DE7B470F2,2021-08-29 11:27:55.396,GLB90077676,030.1.4.2,0,2021-08-29 11:33:12.667,GLB90077676,030.1.4.2,4,NULL,NULL,188996,NULL,NULL,DEACT_END,2021-08-29 11:27:56.000,YES,NULL,NULL,NEW,1,2021-08-29 11:27:55.000,2021-08-29 00:00:00.000,674316,505417,189298,369FD66C-FE04-4ADC-9ABB-323B3FD18858,NULL,7FD08CA7-DBD6-4278-B7D4-555AA6AF6D62,4D3E7B2C-774A-4BD7-B8CE-D4353AEBB7D9,A7B22006-D596-49A2-8304-CE3CAB55EFC1,3BA2DFAF-7ABA-4B29-B196-6240A994113F,F8E57D73-6A35-47CC-B3B4-9190132A8AEF,117BC91A-33E8-4B9F-88D0-71DE3777957F,384520,786537,NULL,NULL,TTB34.00011,2021-08-29 00:00:00.000,NO,NULL,NULL,NULL,255648,785152,NULL,NULL,NULL,GLOBAL,GLOBAL CC,GULDANE OZAN,919798,841835,988344
39241DDE-AF4D-4ADB-B4C2-36587CCD6423,2021-08-29 14:24:31.662,GLB90065141,030.1.4.2,0,2023-07-06 12:19:57.281,SYSTEM,030.1.4.2,10,NULL,2019-02-20 00:00:00.000,681228,2021-08-29 00:00:00.000,1522895780.0,DEACT_END,2023-07-06 12:19:57.000,YES,NULL,NULL,CHANGE,1,2021-08-29 14:24:31.000,2023-07-06 00:00:00.000,490771,296224,666236,70243AB9-2225-443D-B742-CEF1617751CE,NULL,7EF6534F-3921-4D6B-B171-BBC2F74C8C20,26C75B0E-6F54-4BDC-AFB4-913D1650E5F5,93A8558E-3911-4CDB-B4DB-4B2D9C3EE787,979745B7-0937-4354-8421-DF6DEEF3090A,EAB4A65C-CE4E-404D-AC20-CFDB8BFB6566,FE7C0A8D-F2D2-4203-96D5-044C41A3C943,662440,854145,NULL,NULL,TTB34.00058,2021-08-29 00:00:00.000,NO,NULL,NULL,NULL,958665,587356,NULL,NULL,NULL,GLOBAL,GLOBAL BİLGİ-GLB-SOL-BIREYSEL-IB-FIBER,AHMET TURAN CAKAN,429074,906916,957214
55712CEA-69AD-441F-8E27-226284A7F169,2021-08-28 16:49:14.435,EXT03366589,030.1.4.2,0,2021-08-31 12:57:18.042,EXT03366589,030.1.4.2,5,NULL,NULL,263694,NULL,3176042707.0,DEACT_END,2021-08-31 12:57:18.000,YES,NULL,NULL,NULL,1,2021-08-28 16:49:14.000,2021-08-31 00:00:00.000,907760,907354,777961,0193CA55-7693-4C0A-8159-4BD7F75DB0D4,NULL,7A8A9659-245B-4DE1-A978-0C0680D5E7F9,98A4F19C-BFA8-44BE-8921-A6D18731B805,C584B1F3-3DB9-43A2-AA2A-BD9A745C606B,EF05F78E-EF1D-4284-9724-61E5E19F9FCB,5FF9A8A2-84E4-4762-8FAF-F88CE89BCCD3,9CEC49D6-AC89-4055-BC38-B881608F388B,655631,546303,NULL,NULL,67013.00001,2021-08-28 00:00:00.000,NO,NULL,NULL,NULL,845665,882995,NULL,NULL,NULL,OSM,GLOBAL BİLGİ OSM,DUYGU ALGAN,844329,117962,612382
295FBD37-2FEE-4CE3-BBEE-BCB84468EFD8,2021-08-29 11:29:09.024,EXT02306745,030.1.4.2,0,2023-07-17 14:35:38.323,EXT02306745,030.1.4.2,9,NULL,2021-08-30 01:00:00.000,954822,2021-08-30 00:00:00.000,1522891579.0,DEACT_END,2023-07-17 14:35:38.000,YES,NULL,NULL,NULL,1,2021-08-29 11:29:09.000,2023-07-17 00:00:00.000,381363,405000,510367,E586F015-7BF6-4A6D-B077-FF0B6D06BBFF,NULL,C7E9E746-1B50-4E82-8A27-8F94AF942B4D,7CAC32B5-E9EC-47F7-BCF3-02F7D5387307,8D5A4296-1090-44B0-8E28-9FE31C6333BB,E6E64D34-2959-48BB-8115-D0E00D60989F,9002D2F2-03AA-4421-80AC-6BB94A117A92,6A67222F-7E4D-4839-8E21-4A0EFAE16979,259119,343838,NULL,NULL,66031.00001,2021-08-29 00:00:00.000,NO,NULL,NULL,NULL,717416,560828,NULL,NULL,NULL,FCM,LINE TELEKOMÜNİKASYON,NULL,328428,684962,994087
FCCF9B06-EA31-4C53-8822-38D45F96FD4E,2021-08-30 11:19:44.642,GLB90082268,030.1.4.2,0,2021-09-06 16:35:20.753,GLB90082268,030.1.4.2,6,NULL,2021-08-30 01:00:00.000,750062,2021-08-30 01:00:00.000,1522909358.0,DEACT_END,2021-09-06 16:35:20.000,NO,NULL,NULL,NULL,1,2021-08-30 11:19:44.000,2021-09-06 00:00:00.000,655417,177893,402647,0921DDAD-A507-44B7-B09D-F49AA7E364BA,NULL,74C93DBB-3833-46CB-B971-87C3F4BB55A4,6D7B02AA-F06A-42BF-B426-837732EDA975,2561E312-B4AA-4CBE-9EDB-42430940045D,89F1B0D6-AF61-4F88-8E63-71775FE14AEE,218B29E9-C247-4D3C-B9D7-33A053B8ED1E,E6520A7E-601D-416C-B08C-0F403ECFA51A,393206,757349,NULL,NULL,TTB34.00064,2021-08-30 00:00:00.000,NO,NULL,NULL,NULL,302265,454759,NULL,NULL,NULL,GLOBAL,GLOBAL SUPERONLINE TELESALES,NIMET ARSLAN,361057,490826,336245
6B247E91-73A5-457D-B3B2-2859E2E564FF,2021-08-29 10:00:08.184,DO,030.1.4.2,0,2025-04-11 13:20:22.756,DO,030.1.4.2,15,NULL,2019-05-06 00:00:00.000,256632,2019-05-06 00:00:00.000,2905968389.0,ACT_END,NULL,YES,NULL,NULL,TRANSFER,1,2019-05-03 00:00:00.000,2021-08-29 00:00:00.000,158018,262781,506189,0FF18350-3A16-4E20-A7BF-4EF59616DBBE,NULL,87B3B4D8-6998-41F4-BBBC-3A86BFEF1057,5A8B88E8-668B-4118-9E55-F2097BD87475,6DA71AB4-AF0F-4D24-A01F-5F8970F2782E,5DDCFE01-A487-4990-B249-0BD8ECDF1A49,06525C07-725B-4E33-BB41-F8F6F865A521,5FA9544E-E7AF-40D1-865E-8F64B293777B,176025,985217,NULL,NULL,TTB34.00053,2019-05-03 00:00:00.000,NO,NULL,NULL,NULL,830182,147273,NULL,NULL,NULL,GLOBAL,GLOBAL BACKOFFICE-GLB-SOL-BO,GULTEN KARTAL,413181,278931,210912
7978BEAA-3254-4655-AC4B-303CE3E132E0,2021-08-29 14:39:28.379,EXT03365003,030.1.4.2,0,2022-07-02 10:02:58.047,EXT03365003,030.1.4.2,7,NULL,2021-08-29 01:00:00.000,487879,2021-08-29 01:00:00.000,3176373424.0,DEACT_END,2022-07-02 10:02:58.000,YES,NULL,NULL,NULL,1,2021-08-29 14:39:28.000,2022-07-02 00:00:00.000,629459,272722,307647,BEE4F839-5E61-4742-9C41-5E5E89237230,NULL,6CD5F020-6B87-4258-A122-A0D8C68979F2,0B63727F-376D-482F-90E7-2222A45E0EF0,B8219988-D934-4117-94CB-05747B42C022,3DFC4338-0720-4BBD-84E3-94A582CF41F7,0FAB1161-D761-4704-AED6-1B32CF2FD4D1,780392B2-C7F4-47BA-AA4D-24D27A67388D,932652,911434,NULL,NULL,66041.00001,2021-08-29 00:00:00.000,NO,NULL,NULL,NULL,284878,985641,NULL,NULL,NULL,FCM,HOME TECHNOLOGY,GULSAH ATAKAN,187114,938615,468037
E4E29721-79B8-4EDF-A373-2576607AA2B6,2021-08-28 18:14:19.927,EXT03100427,030.1.4.2,0,2023-12-06 17:21:08.145,SYSTEM,030.1.4.2,48,NULL,2020-07-08 00:00:00.000,932371,2021-08-28 00:00:00.000,1522885678.0,DEACT_END,2023-12-06 17:21:08.000,YES,NULL,NULL,CHANGE,1,2021-08-28 18:14:19.000,2023-12-06 00:00:00.000,282707,237944,151420,609480B4-6151-4889-A06A-3366DB69CD44,4791CED4-6D4D-4786-957C-3563FDED4E03,D08A5DA8-6DD8-4990-9143-BBF5F7C1B6F3,75059ACF-1D22-4687-87B3-E8FCC0D96B84,6BF9E9FA-809F-493C-8404-F08E5DD0BDE5,ED99207C-F245-4EEC-A1DA-AA9BE12C6C5B,43B9DEFC-34C0-45C3-B90D-52409083C33F,C80A0217-A8DF-46CE-AF3F-692B6F896F1E,341444,142120,NULL,NULL,66027.00002,2021-08-28 00:00:00.000,NO,NULL,NULL,NULL,409961,947509,NULL,NULL,NULL,FCM,KAYSERİ İNTERNET,BUSRA DEMIR,675154,335120,825010
F6EB25FA-3E62-44F3-84EA-5BD14F96E306,2021-08-28 17:20:53.778,GLB90082276,030.1.4.2,0,2021-09-08 16:48:14.225,GLB90082276,030.1.4.2,6,NULL,NULL,309174,NULL,1522883006.0,DEACT_END,2021-09-08 16:48:14.000,YES,NULL,NULL,NULL,1,2021-08-28 17:20:53.000,2021-09-08 00:00:00.000,260238,177859,850395,9C79BBC1-FA9E-46D4-BF24-F0C9225C7291,NULL,F9178C85-F637-41B6-ACCB-685805E649D7,A855622E-973B-4B88-9499-387F5F3BB67D,B5FC5A5C-E082-416D-B756-7FEA16E11BE0,D349F16C-A1AB-4562-8AB8-59B193FDA166,C3BCD239-E70A-4034-B1F0-AED8BFBCF4FD,A8032797-6065-4316-BC1A-F75BDEFFB847,691208,531748,NULL,NULL,TTB34.00064,2021-08-28 00:00:00.000,NO,NULL,NULL,NULL,370786,649820,NULL,NULL,NULL,GLOBAL,GLOBAL SUPERONLINE TELESALES,HAZAL SIMGE KAYA,666380,765474,404362
CDAE702D-AC7B-4691-A728-62EAEF72A611,2021-08-30 11:21:53.558,EXT03358566,030.1.4.2,0,2021-09-07 12:03:14.049,EXT03358566,030.1.4.2,7,NULL,NULL,671924,NULL,1522909516.0,DEACT_END,2021-09-07 12:03:14.000,YES,NULL,NULL,NEW,1,2021-08-30 11:21:53.000,2021-09-07 00:00:00.000,481761,241200,740742,6CB032E7-D63A-4A48-8303-7487C5ACA012,NULL,EBAF2B8F-8225-4FCD-BFA4-A8F62DE4FA1C,9A26558E-DD73-4EBD-BECB-B96E9C8D2472,458E0629-8473-4629-8E41-E8553E186E16,CCD0D72E-4FB0-4314-9D32-36820A33FF17,1DFDDB42-0FE0-4CB8-8C7F-F2A3143E8D18,AFB3B34D-C0C2-41DC-84FC-FFF7757E8315,660284,744654,NULL,NULL,66032.00001,2021-08-30 00:00:00.000,NO,NULL,NULL,NULL,125890,808725,NULL,NULL,NULL,FCM,SEZGİNER,TESLIME KACAR,928715,357758,790729
89028EE7-B4C0-4B16-ACFF-5D8C0A000701,2021-08-28 21:10:19.909,UNDO,030.1.4.2,0,2023-12-04 15:42:14.869,SYSTEM,030.1.4.2,10,NULL,2017-06-28 00:00:00.000,182383,2021-08-28 00:00:00.000,1522889238.0,DEACT_END,2023-12-04 15:42:14.000,NO,NULL,NULL,NULL,1,2021-08-28 21:10:19.000,2023-12-04 00:00:00.000,463017,376945,803470,CDD8D319-99D0-40E5-8EF7-521A32222FE8,NULL,2EB884FF-E3D2-4C99-AF85-40E73F89C5B4,A922BF2D-6C12-4522-9391-FD4B1B734FC3,E82149A3-00C9-4BB9-A6FD-E53F50F54C91,B2031506-893F-4DC3-8A10-B9AD87C2336D,BE6E9A53-7B79-4617-88A4-4D8F9D988306,2C71AAED-65F3-48B5-825E-6A8979ED790D,496065,268616,NULL,NULL,NULL,2021-08-27 00:00:00.000,NO,NULL,NULL,NULL,255163,113695,NULL,NULL,NULL,NULL,NULL,NULL,716039,623656,161888
